song_name,tempo,point_in_song_seconds
nobody_beats_the_drum,123.046875,0
nobody_beats_the_drum,86.1328125,2
nobody_beats_the_drum,103.359375,4
nobody_beats_the_drum,86.1328125,6
nobody_beats_the_drum,129.19921875,8
nobody_beats_the_drum,161.4990234375,10
nobody_beats_the_drum,143.5546875,12
nobody_beats_the_drum,129.19921875,14
nobody_beats_the_drum,129.19921875,16
nobody_beats_the_drum,129.19921875,18
nobody_beats_the_drum,129.19921875,20
nobody_beats_the_drum,129.19921875,22
nobody_beats_the_drum,129.19921875,24
nobody_beats_the_drum,129.19921875,26
nobody_beats_the_drum,129.19921875,28
nobody_beats_the_drum,129.19921875,30
nobody_beats_the_drum,129.19921875,32
nobody_beats_the_drum,129.19921875,34
nobody_beats_the_drum,129.19921875,36
nobody_beats_the_drum,129.19921875,38
nobody_beats_the_drum,129.19921875,40
nobody_beats_the_drum,129.19921875,42
nobody_beats_the_drum,129.19921875,44
nobody_beats_the_drum,129.19921875,46
nobody_beats_the_drum,129.19921875,48
nobody_beats_the_drum,129.19921875,50
nobody_beats_the_drum,86.1328125,52
nobody_beats_the_drum,129.19921875,54
nobody_beats_the_drum,129.19921875,56
nobody_beats_the_drum,129.19921875,58
nobody_beats_the_drum,117.45383522727273,60
nobody_beats_the_drum,107.666015625,62
nobody_beats_the_drum,107.666015625,64
nobody_beats_the_drum,103.359375,66
nobody_beats_the_drum,135.99917763157896,68
nobody_beats_the_drum,135.99917763157896,70
nobody_beats_the_drum,172.265625,72
nobody_beats_the_drum,143.5546875,74
nobody_beats_the_drum,129.19921875,76
nobody_beats_the_drum,151.99908088235293,78
nobody_beats_the_drum,172.265625,80
nobody_beats_the_drum,95.703125,82
nobody_beats_the_drum,89.10290948275862,84
nobody_beats_the_drum,172.265625,86
nobody_beats_the_drum,161.4990234375,88
nobody_beats_the_drum,92.28515625,90
nobody_beats_the_drum,198.76802884615384,92
nobody_beats_the_drum,172.265625,94
nobody_beats_the_drum,86.1328125,96
nobody_beats_the_drum,143.5546875,98
nobody_beats_the_drum,184.5703125,100
nobody_beats_the_drum,99.38401442307692,102
nobody_beats_the_drum,172.265625,104
nobody_beats_the_drum,151.99908088235293,106
nobody_beats_the_drum,184.5703125,108
nobody_beats_the_drum,184.5703125,110
nobody_beats_the_drum,92.28515625,112
nobody_beats_the_drum,184.5703125,114
nobody_beats_the_drum,184.5703125,116
nobody_beats_the_drum,143.5546875,118
nobody_beats_the_drum,89.10290948275862,120
nobody_beats_the_drum,107.666015625,122
nobody_beats_the_drum,99.38401442307692,124
nobody_beats_the_drum,143.5546875,126
nobody_beats_the_drum,151.99908088235293,128
nobody_beats_the_drum,129.19921875,130
nobody_beats_the_drum,129.19921875,132
nobody_beats_the_drum,129.19921875,134
nobody_beats_the_drum,117.45383522727273,136
nobody_beats_the_drum,129.19921875,138
nobody_beats_the_drum,143.5546875,140
nobody_beats_the_drum,129.19921875,142
nobody_beats_the_drum,129.19921875,144
nobody_beats_the_drum,129.19921875,146
nobody_beats_the_drum,89.10290948275862,148
nobody_beats_the_drum,129.19921875,150
nobody_beats_the_drum,86.1328125,152
nobody_beats_the_drum,107.666015625,154
nobody_beats_the_drum,129.19921875,156
nobody_beats_the_drum,129.19921875,158
nobody_beats_the_drum,129.19921875,160
nobody_beats_the_drum,129.19921875,162
nobody_beats_the_drum,129.19921875,164
nobody_beats_the_drum,129.19921875,166
nobody_beats_the_drum,129.19921875,168
nobody_beats_the_drum,129.19921875,170
nobody_beats_the_drum,129.19921875,172
nobody_beats_the_drum,129.19921875,174
nobody_beats_the_drum,129.19921875,176
nobody_beats_the_drum,129.19921875,178
nobody_beats_the_drum,129.19921875,180
nobody_beats_the_drum,129.19921875,182
nobody_beats_the_drum,129.19921875,184
nobody_beats_the_drum,129.19921875,186
nobody_beats_the_drum,129.19921875,188
nobody_beats_the_drum,129.19921875,190
nobody_beats_the_drum,129.19921875,192
nobody_beats_the_drum,129.19921875,194
nobody_beats_the_drum,129.19921875,196
nobody_beats_the_drum,129.19921875,198
nobody_beats_the_drum,89.10290948275862,200
nobody_beats_the_drum,129.19921875,202
nobody_beats_the_drum,129.19921875,204
nobody_beats_the_drum,129.19921875,206
nobody_beats_the_drum,129.19921875,208
nobody_beats_the_drum,129.19921875,210
nobody_beats_the_drum,129.19921875,212
nobody_beats_the_drum,129.19921875,214
nobody_beats_the_drum,129.19921875,216
nobody_beats_the_drum,129.19921875,218
nobody_beats_the_drum,129.19921875,220
nobody_beats_the_drum,129.19921875,222
nobody_beats_the_drum,129.19921875,224
nobody_beats_the_drum,129.19921875,226
nobody_beats_the_drum,129.19921875,228
nobody_beats_the_drum,129.19921875,230
nobody_beats_the_drum,89.10290948275862,232
nobody_beats_the_drum,129.19921875,234
nobody_beats_the_drum,86.1328125,236
nobody_beats_the_drum,86.1328125,238
nobody_beats_the_drum,86.1328125,240
nobody_beats_the_drum,89.10290948275862,242
nobody_beats_the_drum,123.046875,244
nobody_beats_the_drum,117.45383522727273,246
nobody_beats_the_drum,198.76802884615384,248
nobody_beats_the_drum,123.046875,250
nobody_beats_the_drum,123.046875,252
nobody_beats_the_drum,135.99917763157896,254
nobody_beats_the_drum,103.359375,256
nobody_beats_the_drum,117.45383522727273,258
nobody_beats_the_drum,129.19921875,260
nobody_beats_the_drum,129.19921875,262
nobody_beats_the_drum,129.19921875,264
nobody_beats_the_drum,129.19921875,266
nobody_beats_the_drum,129.19921875,268
nobody_beats_the_drum,129.19921875,270
nobody_beats_the_drum,129.19921875,272
nobody_beats_the_drum,129.19921875,274
nobody_beats_the_drum,129.19921875,276
nobody_beats_the_drum,129.19921875,278
nobody_beats_the_drum,129.19921875,280
nobody_beats_the_drum,129.19921875,282
nobody_beats_the_drum,129.19921875,284
nobody_beats_the_drum,198.76802884615384,286
nobody_beats_the_drum,129.19921875,288
nobody_beats_the_drum,234.90767045454547,290
nobody_beats_the_drum,129.19921875,292
nobody_beats_the_drum,129.19921875,294
nobody_beats_the_drum,129.19921875,296
nobody_beats_the_drum,129.19921875,298
nobody_beats_the_drum,129.19921875,300
nobody_beats_the_drum,129.19921875,302
nobody_beats_the_drum,129.19921875,304
nobody_beats_the_drum,129.19921875,306
nobody_beats_the_drum,129.19921875,308
nobody_beats_the_drum,129.19921875,310
nobody_beats_the_drum,129.19921875,312
nobody_beats_the_drum,129.19921875,314
nobody_beats_the_drum,129.19921875,316
nobody_beats_the_drum,129.19921875,318
nobody_beats_the_drum,151.99908088235293,320
nobody_beats_the_drum,129.19921875,322
nobody_beats_the_drum,129.19921875,324
nobody_beats_the_drum,129.19921875,326
nobody_beats_the_drum,129.19921875,328
nobody_beats_the_drum,129.19921875,330
nobody_beats_the_drum,129.19921875,332
nobody_beats_the_drum,129.19921875,334
nobody_beats_the_drum,129.19921875,336
nobody_beats_the_drum,129.19921875,338
nobody_beats_the_drum,129.19921875,340
nobody_beats_the_drum,129.19921875,342
nobody_beats_the_drum,129.19921875,344
nobody_beats_the_drum,129.19921875,346
nobody_beats_the_drum,129.19921875,348
nobody_beats_the_drum,172.265625,350
nobody_beats_the_drum,129.19921875,352
nobody_beats_the_drum,129.19921875,354
nobody_beats_the_drum,129.19921875,356
nobody_beats_the_drum,129.19921875,358
nobody_beats_the_drum,258.3984375,360
nobody_beats_the_drum,129.19921875,362
nobody_beats_the_drum,129.19921875,364
nobody_beats_the_drum,129.19921875,366
nobody_beats_the_drum,129.19921875,368
nobody_beats_the_drum,129.19921875,370
nobody_beats_the_drum,129.19921875,372
nobody_beats_the_drum,129.19921875,374
nobody_beats_the_drum,129.19921875,376
nobody_beats_the_drum,129.19921875,378
nobody_beats_the_drum,172.265625,380
